{
  "project_info": {
    "project_number": "737087419238",
    "firebase_url": "https://instagramapp-9dc83-default-rtdb.firebaseio.com",
    "project_id": "instagramapp-9dc83",
    "storage_bucket": "instagramapp-9dc83.firebasestorage.app"
  },
  "client": [
    {
      "client_info": {
        "mobilesdk_app_id": "1:737087419238:android:bda877f7fe1a7f1a960ea7",
        "android_client_info": {
          "package_name": "com.example.mainlogin"
        }
      },
      "oauth_client": [
        {
          "client_id": "737087419238-qqop2af71cdi2ntginigb4mhk0d8njsi.apps.googleusercontent.com",
          "client_type": 1,
          "android_info": {
            "package_name": "com.example.mainlogin",
            "certificate_hash": "aa3f3d286fc50b1bf9e432c8f9de9cc4bc287df3"
          }
        },
        {
          "client_id": "737087419238-jos73u0p2ig2tr5gm22083no0v94gi64.apps.googleusercontent.com",
          "client_type": 3
        }
      ],
      "api_key": [
        {
          "current_key": "AIzaSyB2Djs7LnKlWLwRicC5SXlyvfRT9ELR8ng"
        }
      ],
      "services": {
        "appinvite_service": {
          "other_platform_oauth_client": [
            {
              "client_id": "737087419238-jos73u0p2ig2tr5gm22083no0v94gi64.apps.googleusercontent.com",
              "client_type": 3
            }
          ]
        }
      }
    }
  ],
  "configuration_version": "1"
}